step,loss
10,0.28
20,0.241
30,0.259
40,0.238
50,0.27
60,0.258
70,0.247
80,0.29
90,0.291
100,0.221
110,0.23
120,0.247
130,0.209
140,0.24
150,0.265
160,0.234
170,0.24
180,0.221
190,0.231
200,0.231
210,0.227
220,0.21
230,0.255
240,0.217
250,0.203
260,0.247
270,0.215
280,0.213
290,0.184
300,0.208
310,0.219
320,0.175
330,0.193
340,0.196
350,0.157
360,0.194
370,0.201
380,0.195
390,0.209
400,0.198
410,0.181
420,0.183
430,0.219
440,0.215
450,0.191
460,0.143
470,0.192
480,0.169
490,0.198
500,0.216
510,0.169
520,0.161
530,0.146
540,0.198
550,0.179
560,0.186
570,0.183
580,0.168
590,0.158
600,0.156
610,0.186
620,0.162
630,0.186
640,0.168
650,0.195
660,0.161
670,0.243
680,0.177
690,0.157
700,0.249
710,0.174
720,0.165
730,0.162
740,0.172
750,0.16
760,0.159
770,0.175
780,0.147
790,0.164
800,0.16
810,0.168
820,0.146
830,0.148
840,0.159
850,0.16
860,0.157
870,0.13
880,0.166
890,0.187
900,0.15
910,0.147
920,0.15
930,0.141
940,0.161
950,0.152
960,0.141
970,0.194
980,0.135
990,0.133
1000,0.155
1010,0.176
1020,0.14
1030,0.143
1040,0.155
1050,0.156
1060,0.147
1070,0.111
1080,0.168
1090,0.131
1100,0.139
1110,0.149
1120,0.167
1130,0.126
1140,0.16
1150,0.16
1160,0.145
1170,0.146
1180,0.133
1190,0.145
1200,0.159
1210,0.128
1220,0.154
1230,0.158
1240,0.116
1250,0.14
1260,0.14
1270,0.117
1280,0.126
1290,0.131
1300,0.126
1310,0.147
1320,0.141
1330,0.155
1340,0.116
1350,0.139
1360,0.142
1370,0.12
1380,0.133
1390,0.143
1400,0.1
1410,0.144
1420,0.132
1430,0.132
1440,0.134
1450,0.111
1460,0.144
1470,0.111
1480,0.151
1490,0.137
1500,0.161
1510,0.135
1520,0.136
1530,0.109
1540,0.13
1550,0.146
1560,0.127
1570,0.181
1580,0.116
1590,0.104
1600,0.143
1610,0.121
1620,0.176
1630,0.116
1640,0.117
1650,0.117
1660,0.124
1670,0.145
1680,0.163
1690,0.161
1700,0.125
1710,0.118
1720,0.115
1730,0.137
1740,0.135
1750,0.155
1760,0.123
1770,0.127
1780,0.117
1790,0.138
1800,0.152
1810,0.141
1820,0.13
1830,0.123
1840,0.115
1850,0.144
1860,0.158
1870,0.139
1880,0.121
1890,0.112
1900,0.112
1910,0.139
1920,0.099
1930,0.111
1940,0.122
1950,0.128
1960,0.164
1970,0.115
1980,0.127
1990,0.119
2000,0.116
2010,0.119
2020,0.095
2030,0.112
2040,0.111
2050,0.141
2060,0.124
2070,0.11
2080,0.115
2090,0.112
2100,0.126
2110,0.115
2120,0.111
2130,0.107
2140,0.098
2150,0.14
2160,0.104
2170,0.128
2180,0.13
2190,0.118
2200,0.142
2210,0.123
2220,0.109
2230,0.118
2240,0.102
2250,0.125
2260,0.111
2270,0.129
2280,0.136
2290,0.129
2300,0.129
2310,0.098
2320,0.128
2330,0.124
2340,0.135
2350,0.115
2360,0.108
2370,0.105
2380,0.118
2390,0.119
2400,0.091
2410,0.123
2420,0.116
2430,0.101
2440,0.106
2450,0.087
2460,0.098
2470,0.112
2480,0.132
2490,0.115
2500,0.098
2510,0.105
2520,0.104
2530,0.108
2540,0.12
2550,0.094
2560,0.143
2570,0.149
2580,0.107
2590,0.108
2600,0.126
2610,0.111
2620,0.091
2630,0.103
2640,0.112
2650,0.083
2660,0.102
2670,0.149
2680,0.136
2690,0.121
2700,0.107
2710,0.106
2720,0.12
2730,0.102
2740,0.112
2750,0.095
2760,0.105
2770,0.118
2780,0.108
2790,0.129
2800,0.082
2810,0.088
2820,0.163
2830,0.117
2840,0.115
2850,0.108
2860,0.111
2870,0.11
2880,0.104
2890,0.094
2900,0.112
2910,0.09
2920,0.129
2930,0.112
2940,0.127
2950,0.094
2960,0.099
2970,0.103
2980,0.075
2990,0.097
3000,0.127
3010,0.113
3020,0.092
3030,0.108
3040,0.108
3050,0.087
3060,0.079
3070,0.096
3080,0.094
3090,0.119
3100,0.085
3110,0.1
3120,0.106
3130,0.093
3140,0.108
3150,0.138
3160,0.093
3170,0.08
3180,0.103
3190,0.111
3200,0.091
3210,0.08
3220,0.088
3230,0.107
3240,0.144
3250,0.099
3260,0.104
3270,0.082
3280,0.116
3290,0.141
3300,0.119
3310,0.105
3320,0.102
3330,0.117
3340,0.08
3350,0.104
3360,0.124
3370,0.122
3380,0.1
3390,0.141
3400,0.114
3410,0.109
3420,0.09
3430,0.118
3440,0.1
3450,0.093
3460,0.093
3470,0.109
3480,0.134
3490,0.084
3500,0.083
3510,0.099
3520,0.083
3530,0.121
3540,0.109
3550,0.075
3560,0.07
3570,0.084
3580,0.082
3590,0.107
3600,0.099
3610,0.123
3620,0.071
3630,0.092
3640,0.072
3650,0.087
3660,0.119
3670,0.087
3680,0.109
3690,0.121
3700,0.082
3710,0.094
3720,0.097
3730,0.111
3740,0.112
3750,0.113
3760,0.082
3770,0.087
3780,0.068
3790,0.132
3800,0.124
3810,0.116
3820,0.118
3830,0.073
3840,0.105
3850,0.097
3860,0.133
3870,0.122
3880,0.099
3890,0.1
3900,0.092
3910,0.144
3920,0.094
3930,0.094
3940,0.076
3950,0.11
3960,0.095
3970,0.096
3980,0.1
3990,0.092
4000,0.091
4010,0.109
4020,0.11
4030,0.093
4040,0.106
4050,0.092
4060,0.104
4070,0.078
4080,0.107
4090,0.18
4100,0.084
4110,0.084
4120,0.086
4130,0.1
4140,0.114
4150,0.096
4160,0.069
4170,0.093
4180,0.124
4190,0.093
4200,0.091
4210,0.078
4220,0.084
4230,0.103
4240,0.089
4250,0.11
4260,0.098
4270,0.085
4280,0.094
4290,0.088
4300,0.093
4310,0.084
4320,0.083
4330,0.099
4340,0.113
4350,0.081
4360,0.1
4370,0.076
4380,0.102
4390,0.116
4400,0.094
4410,0.089
4420,0.104
4430,0.109
4440,0.124
4450,0.076
4460,0.09
4470,0.094
4480,0.113
4490,0.083
4500,0.088
4510,0.101
4520,0.083
4530,0.095
4540,0.093
4550,0.092
4560,0.114
4570,0.092
4580,0.086
4590,0.082
4600,0.104
4610,0.101
4620,0.072
4630,0.089
4640,0.081
4650,0.099
4660,0.161
4670,0.085
4680,0.085
4690,0.097
4700,0.071
4710,0.149
4720,0.099
4730,0.122
4740,0.079
4750,0.082
4760,0.093
4770,0.08
4780,0.077
4790,0.074
4800,0.088
4810,0.084
4820,0.084
4830,0.111
4840,0.105
4850,0.085
4860,0.064
4870,0.098
4880,0.068
4890,0.084
4900,0.094
4910,0.112
4920,0.093
4930,0.145
4940,0.083
4950,0.073
4960,0.092
4970,0.097
4980,0.071
4990,0.076
5000,0.072
5010,0.152
5020,0.076
5030,0.093
5040,0.083
5050,0.083
5060,0.089
5070,0.085
5080,0.087
5090,0.123
5100,0.088
5110,0.065
5120,0.092
5130,0.07
5140,0.103
5150,0.092
5160,0.085
5170,0.072
5180,0.091
5190,0.09
5200,0.105
5210,0.109
5220,0.089
5230,0.078
5240,0.072
5250,0.088
5260,0.113
5270,0.097
5280,0.084
5290,0.086
5300,0.078
5310,0.117
5320,0.091
5330,0.109
5340,0.072
5350,0.089
5360,0.126
5370,0.069
5380,0.083
5390,0.118
5400,0.125
5410,0.111
5420,0.084
5430,0.102
5440,0.069
5450,0.115
5460,0.08
5470,0.11
5480,0.067
5490,0.1
5500,0.104
5510,0.078
5520,0.069
5530,0.077
5540,0.111
5550,0.089
5560,0.092
5570,0.081
5580,0.081
5590,0.072
5600,0.098
5610,0.075
5620,0.062
5630,0.088
5640,0.105
5650,0.081
5660,0.083
5670,0.075
5680,0.088
5690,0.148
5700,0.072
5710,0.07
5720,0.117
5730,0.081
5740,0.087
5750,0.115
5760,0.069
5770,0.077
5780,0.071
5790,0.067
5800,0.057
5810,0.169
5820,0.078
5830,0.074
5840,0.091
5850,0.074
5860,0.074
5870,0.081
5880,0.077
5890,0.088
5900,0.076
5910,0.064
5920,0.121
5930,0.079
5940,0.078
5950,0.095
5960,0.073
5970,0.091
5980,0.087
5990,0.128
6000,0.062
6010,0.08
6020,0.078
6030,0.078
6040,0.077
6050,0.062
6060,0.077
6070,0.071
6080,0.073
6090,0.095
6100,0.073
6110,0.073
6120,0.069
6130,0.086
6140,0.074
6150,0.072
6160,0.076
6170,0.074
6180,0.066
6190,0.082
6200,0.075
6210,0.076
6220,0.109
6230,0.066
6240,0.09
6250,0.102
6260,0.092
6270,0.075
6280,0.083
6290,0.06
6300,0.078
6310,0.141
6320,0.128
6330,0.078
6340,0.069
6350,0.071
6360,0.082
6370,0.093
6380,0.075
6390,0.135
6400,0.099
6410,0.073
6420,0.092
6430,0.106
6440,0.075
6450,0.064
6460,0.062
6470,0.111
6480,0.09
6490,0.081
6500,0.083
6510,0.076
6520,0.076
6530,0.078
6540,0.074
6550,0.067
6560,0.089
6570,0.064
6580,0.063
6590,0.077
6600,0.069
6610,0.096
6620,0.069
6630,0.066
6640,0.063
6650,0.093
6660,0.067
6670,0.087
6680,0.071
6690,0.08
6700,0.073
6710,0.074
6720,0.09
6730,0.106
6740,0.083
6750,0.07
6760,0.06
6770,0.091
6780,0.076
6790,0.075
6800,0.132
6810,0.098
6820,0.064
6830,0.061
6840,0.067
6850,0.076
6860,0.068
6870,0.059
6880,0.066
6890,0.081
6900,0.069
6910,0.073
6920,0.083
6930,0.072
6940,0.079
6950,0.094
6960,0.068
6970,0.069
6980,0.075
6990,0.079
7000,0.07
7010,0.078
7020,0.077
7030,0.069
7040,0.07
7050,0.07
7060,0.058
7070,0.123
7080,0.076
7090,0.099
7100,0.059
7110,0.075
7120,0.064
7130,0.065
7140,0.095
7150,0.059
7160,0.085
7170,0.069
7180,0.062
7190,0.048
7200,0.056
7210,0.076
7220,0.087
7230,0.089
7240,0.077
7250,0.056
7260,0.125
7270,0.067
7280,0.045
7290,0.075
7300,0.075
7310,0.091
7320,0.063
7330,0.077
7340,0.078
7350,0.109
7360,0.065
7370,0.062
7380,0.067
7390,0.07
7400,0.076
7410,0.086
7420,0.09
7430,0.124
7440,0.08
7450,0.072
7460,0.06
7470,0.13
7480,0.078
7490,0.068
7500,0.114
7510,0.084
7520,0.065
7530,0.114
7540,0.066
7550,0.088
7560,0.077
7570,0.093
7580,0.059
7590,0.085
7600,0.078
7610,0.073
7620,0.08
7630,0.091
7640,0.109
7650,0.064
7660,0.072
7670,0.093
7680,0.087
7690,0.081
7700,0.085
7710,0.08
7720,0.077
7730,0.074
7740,0.056
7750,0.084
7760,0.086
7770,0.075
7780,0.083
7790,0.063
7800,0.067
7810,0.096
7820,0.078
7830,0.058
7840,0.118
7850,0.06
7860,0.082
7870,0.07
7880,0.062
7890,0.082
7900,0.058
7910,0.062
7920,0.058
7930,0.071
7940,0.066
7950,0.075
7960,0.072
7970,0.074
7980,0.069
7990,0.079
8000,0.068
8010,0.064
8020,0.089
8030,0.12
8040,0.069
8050,0.076
8060,0.061
8070,0.117
8080,0.085
8090,0.074
8100,0.081
8110,0.062
8120,0.091
8130,0.074
8140,0.07
8150,0.079
8160,0.057
8170,0.071
8180,0.062
8190,0.077
8200,0.056
8210,0.061
8220,0.058
8230,0.06
8240,0.064
8250,0.065
8260,0.063
8270,0.054
8280,0.069
8290,0.053
8300,0.13
8310,0.074
8320,0.053
8330,0.071
8340,0.067
8350,0.072
8360,0.078
8370,0.056
8380,0.069
8390,0.067
8400,0.064
8410,0.065
8420,0.065
8430,0.115
8440,0.065
8450,0.076
8460,0.066
8470,0.066
8480,0.077
8490,0.078
8500,0.1
8510,0.071
8520,0.075
8530,0.081
8540,0.094
8550,0.067
8560,0.069
8570,0.07
8580,0.066
8590,0.106
8600,0.07
8610,0.068
8620,0.088
8630,0.06
8640,0.066
8650,0.067
8660,0.053
8670,0.069
8680,0.137
8690,0.052
8700,0.065
8710,0.078
8720,0.07
8730,0.057
8740,0.075
8750,0.082
8760,0.065
8770,0.104
8780,0.078
8790,0.071
8800,0.06
8810,0.083
8820,0.064
8830,0.078
8840,0.122
8850,0.068
8860,0.069
8870,0.061
8880,0.074
8890,0.081
8900,0.087
8910,0.076
8920,0.068
8930,0.113
8940,0.066
8950,0.074
8960,0.076
8970,0.073
8980,0.078
8990,0.066
9000,0.077
9010,0.065
9020,0.065
9030,0.052
9040,0.085
9050,0.089
9060,0.085
9070,0.057
9080,0.047
9090,0.056
9100,0.061
9110,0.061
9120,0.155
9130,0.079
9140,0.083
9150,0.066
9160,0.06
9170,0.084
9180,0.063
9190,0.071
9200,0.084
9210,0.076
9220,0.078
9230,0.069
9240,0.076
9250,0.061
9260,0.065
9270,0.073
9280,0.091
9290,0.096
9300,0.083
9310,0.051
9320,0.059
9330,0.071
9340,0.06
9350,0.087
9360,0.07
9370,0.075
9380,0.074
9390,0.072
9400,0.099
9410,0.057
9420,0.051
9430,0.064
9440,0.089
9450,0.079
9460,0.121
9470,0.067
9480,0.116
9490,0.07
9500,0.084
9510,0.083
9520,0.064
9530,0.073
9540,0.069
9550,0.09
9560,0.095
9570,0.06
9580,0.076
9590,0.075
9600,0.057
9610,0.066
9620,0.066
9630,0.098
9640,0.112
9650,0.072
9660,0.068
9670,0.099
9680,0.077
9690,0.052
9700,0.082
9710,0.074
9720,0.065
9730,0.043
9740,0.052
9750,0.072
9760,0.079
9770,0.069
9780,0.077
9790,0.069
9800,0.094
9810,0.072
9820,0.061
9830,0.067
9840,0.07
9850,0.054
9860,0.061
9870,0.109
9880,0.097
9890,0.085
9900,0.093
9910,0.071
9920,0.089
9930,0.067
9940,0.07
9950,0.063
9960,0.059
9970,0.067
9980,0.091
9990,0.079
10000,0.062
10010,0.075
10020,0.069
10030,0.069
10040,0.057
10050,0.061
10060,0.073
10070,0.057
10080,0.078
10090,0.056
10100,0.053
10110,0.107
10120,0.065
10130,0.071
10140,0.062
10150,0.069
10160,0.057
10170,0.177
10180,0.053
10190,0.063
10200,0.078
10210,0.072
10220,0.077
10230,0.049
10240,0.069
10250,0.087
10260,0.069
10270,0.077
10280,0.044
10290,0.094
10300,0.062
10310,0.069
10320,0.053
10330,0.062
10340,0.066
10350,0.056
10360,0.057
10370,0.077
10380,0.052
10390,0.079
10400,0.058
10410,0.065
10420,0.051
10430,0.06
10440,0.063
10450,0.069
10460,0.079
10470,0.073
10480,0.062
10490,0.088
10500,0.065
10510,0.072
10520,0.06
10530,0.082
10540,0.059
10550,0.054
10560,0.086
10570,0.056
10580,0.06
10590,0.058
10600,0.051
10610,0.058
10620,0.064
10630,0.063
10640,0.05
10650,0.072
10660,0.058
10670,0.063
10680,0.086
10690,0.052
10700,0.057
10710,0.119
10720,0.071
10730,0.101
10740,0.099
10750,0.054
10760,0.081
10770,0.054
10780,0.071
10790,0.089
10800,0.07
10810,0.076
10820,0.05
10830,0.054
10840,0.095
10850,0.082
10860,0.072
10870,0.063
10880,0.083
10890,0.078
10900,0.086
10910,0.062
10920,0.075
10930,0.061
10940,0.052
10950,0.063
10960,0.052
10970,0.063
10980,0.096
10990,0.067
11000,0.058
11010,0.064
11020,0.051
11030,0.044
11040,0.056
11050,0.105
11060,0.059
11070,0.063
11080,0.073
11090,0.072
11100,0.06
11110,0.055
11120,0.059
11130,0.065
11140,0.108
11150,0.063
11160,0.063
11170,0.075
11180,0.058
11190,0.074
11200,0.068
11210,0.077
11220,0.051
11230,0.084
11240,0.051
11250,0.124
11260,0.064
11270,0.058
11280,0.06
11290,0.121
11300,0.07
11310,0.104
11320,0.085
11330,0.08
11340,0.076
11350,0.076
11360,0.104
11370,0.06
11380,0.058
11390,0.078
11400,0.062
11410,0.072
11420,0.063
11430,0.062
11440,0.066
11450,0.067
11460,0.062
11470,0.055
11480,0.061
11490,0.052
11500,0.091
11510,0.065
11520,0.06
11530,0.057
11540,0.064
11550,0.077
11560,0.047
11570,0.054
11580,0.105
11590,0.048
11600,0.068
11610,0.054
11620,0.068
11630,0.075
11640,0.061
11650,0.072
11660,0.057
11670,0.057
11680,0.063
11690,0.067
11700,0.055
11710,0.061
11720,0.066
11730,0.063
11740,0.075
11750,0.066
11760,0.049
11770,0.073
11780,0.069
11790,0.047
11800,0.092
11810,0.097
11820,0.089
11830,0.054
11840,0.067
11850,0.065
11860,0.053
11870,0.07
11880,0.072
11890,0.078
11900,0.093
11910,0.058
11920,0.074
11930,0.051
11940,0.051
11950,0.082
11960,0.081
11970,0.067
11980,0.081
11990,0.057
12000,0.076
12010,0.06
12020,0.057
12030,0.064
12040,0.109
12050,0.068
12060,0.084
12070,0.065
12080,0.048
12090,0.058
12100,0.057
12110,0.063
12120,0.059
12130,0.073
12140,0.092
12150,0.05
12160,0.053
12170,0.113
12180,0.067
12190,0.055
12200,0.115
12210,0.058
12220,0.052
12230,0.089
12240,0.078
12250,0.055
12260,0.072
12270,0.055
12280,0.066
12290,0.066
12300,0.077
12310,0.053
12320,0.058
12330,0.072
12340,0.071
12350,0.05
12360,0.066
12370,0.071
12380,0.065
12390,0.061
12400,0.059
12410,0.069
12420,0.056
12430,0.056
12440,0.083
12450,0.059
12460,0.055
12470,0.043
12480,0.053
12490,0.077
12500,0.071
12510,0.07
12520,0.061
12530,0.039
12540,0.04
12550,0.062
12560,0.096
12570,0.137
12580,0.082
12590,0.053
12600,0.087
12610,0.077
12620,0.049
12630,0.069
12640,0.053
12650,0.091
12660,0.055
12670,0.069
12680,0.052
12690,0.058
12700,0.043
12710,0.043
12720,0.058
12730,0.1
12740,0.071
12750,0.078
12760,0.059
12770,0.056
12780,0.053
12790,0.043
12800,0.048
12810,0.081
12820,0.073
12830,0.065
12840,0.058
12850,0.075
12860,0.062
12870,0.07
12880,0.055
12890,0.066
12900,0.064
12910,0.071
12920,0.088
12930,0.07
12940,0.062
12950,0.047
12960,0.055
12970,0.065
12980,0.071
12990,0.058
13000,0.05
13010,0.068
13020,0.051
13030,0.05
13040,0.073
13050,0.055
13060,0.056
13070,0.088
13080,0.06
13090,0.052
13100,0.083
13110,0.05
13120,0.052
13130,0.071
13140,0.052
13150,0.062
13160,0.093
13170,0.114
13180,0.058
13190,0.06
13200,0.054
13210,0.05
13220,0.076
13230,0.047
13240,0.075
13250,0.078
13260,0.047
13270,0.052
13280,0.061
13290,0.05
13300,0.055
13310,0.055
13320,0.035
13330,0.116
13340,0.073
13350,0.08
13360,0.103
13370,0.098
13380,0.069
13390,0.062
13400,0.064
13410,0.066
13420,0.043
13430,0.072
13440,0.067
13450,0.114
13460,0.067
13470,0.126
13480,0.057
13490,0.042
13500,0.045
13510,0.066
13520,0.061
13530,0.046
13540,0.053
13550,0.069
13560,0.073
13570,0.066
13580,0.043
13590,0.071
13600,0.052
13610,0.073
13620,0.042
13630,0.154
13640,0.094
13650,0.059
13660,0.069
13670,0.105
13680,0.055
13690,0.045
13700,0.054
13710,0.06
13720,0.046
13730,0.074
13740,0.058
13750,0.055
13760,0.067
13770,0.08
13780,0.069
13790,0.075
13800,0.073
13810,0.063
13820,0.06
13830,0.054
13840,0.063
13850,0.055
13860,0.064
13870,0.057
13880,0.057
13890,0.062
13900,0.101
13910,0.038
13920,0.059
13930,0.087
13940,0.098
13950,0.06
13960,0.06
13970,0.058
13980,0.072
13990,0.056
14000,0.056
14010,0.124
14020,0.064
14030,0.056
14040,0.059
14050,0.059
14060,0.071
14070,0.076
14080,0.064
14090,0.093
14100,0.059
14110,0.062
14120,0.051
14130,0.053
14140,0.044
14150,0.058
14160,0.06
14170,0.04
14180,0.052
14190,0.046
14200,0.042
14210,0.045
14220,0.045
14230,0.084
14240,0.032
14250,0.046
14260,0.057
14270,0.056
14280,0.051
14290,0.083
14300,0.064
14310,0.09
14320,0.072
14330,0.095
14340,0.053
14350,0.072
14360,0.059
14370,0.054
14380,0.07
14390,0.087
14400,0.054
14410,0.099
14420,0.06
14430,0.053
14440,0.077
14450,0.066
14460,0.045
14470,0.064
14480,0.057
14490,0.065
14500,0.042
14510,0.043
14520,0.079
14530,0.054
14540,0.062
14550,0.06
14560,0.065
14570,0.051
14580,0.067
14590,0.054
14600,0.057
14610,0.081
14620,0.048
14630,0.061
14640,0.101
14650,0.069
14660,0.047
14670,0.103
14680,0.113
14690,0.085
14700,0.05
14710,0.055
14720,0.05
14730,0.047
14740,0.049
14750,0.05
14760,0.057
14770,0.093
14780,0.059
14790,0.078
14800,0.047
14810,0.07
14820,0.054
14830,0.045
14840,0.065
14850,0.044
14860,0.071
14870,0.044
14880,0.062
14890,0.05
14900,0.068
14910,0.058
14920,0.077
14930,0.076
14940,0.068
14950,0.058
14960,0.078
14970,0.048
14980,0.064
14990,0.035
15000,0.053
15010,0.072
15020,0.055
15030,0.058
15040,0.053
15050,0.067
15060,0.047
15070,0.053
15080,0.067
15090,0.07
15100,0.058
15110,0.059
15120,0.093
15130,0.055
15140,0.053
15150,0.055
15160,0.044
15170,0.049
15180,0.043
15190,0.052
15200,0.049
15210,0.045
15220,0.044
15230,0.043
15240,0.099
15250,0.053
15260,0.047
15270,0.072
15280,0.046
15290,0.057
15300,0.075
15310,0.063
15320,0.042
15330,0.052
15340,0.074
15350,0.053
15360,0.052
15370,0.07
15380,0.089
15390,0.051
15400,0.05
15410,0.065
15420,0.046
15430,0.057
15440,0.056
15450,0.06
15460,0.059
15470,0.047
15480,0.066
15490,0.07
15500,0.055
15510,0.064
15520,0.057
15530,0.066
15540,0.073
15550,0.046
15560,0.064
15570,0.051
15580,0.059
15590,0.046
15600,0.072
15610,0.059
15620,0.057
15630,0.066
15640,0.071
15650,0.047
15660,0.094
15670,0.051
15680,0.063
15690,0.047
15700,0.056
15710,0.044
15720,0.058
15730,0.037
15740,0.044
15750,0.079
15760,0.074
15770,0.059
15780,0.044
15790,0.049
15800,0.07
15810,0.043
15820,0.069
15830,0.061
15840,0.064
15850,0.051
15860,0.042
15870,0.066
15880,0.056
15890,0.053
15900,0.053
15910,0.048
15920,0.047
15930,0.051
15940,0.041
15950,0.039
15960,0.065
15970,0.057
15980,0.045
15990,0.101
16000,0.047
16010,0.109
16020,0.058
16030,0.047
16040,0.052
16050,0.056
16060,0.081
16070,0.093
16080,0.059
16090,0.074
16100,0.065
16110,0.049
16120,0.059
16130,0.08
16140,0.112
16150,0.084
16160,0.065
16170,0.04
16180,0.082
16190,0.059
16200,0.11
16210,0.048
16220,0.059
16230,0.098
16240,0.045
16250,0.054
16260,0.053
16270,0.046
16280,0.046
16290,0.049
16300,0.052
16310,0.057
16320,0.091
16330,0.079
16340,0.045
16350,0.06
16360,0.034
16370,0.041
16380,0.055
16390,0.064
16400,0.062
16410,0.056
16420,0.043
16430,0.066
16440,0.059
16450,0.085
16460,0.076
16470,0.11
16480,0.062
16490,0.043
16500,0.037
16510,0.054
16520,0.067
16530,0.076
16540,0.037
16550,0.073
16560,0.059
16570,0.08
16580,0.058
16590,0.078
16600,0.054
16610,0.074
16620,0.067
16630,0.068
16640,0.041
16650,0.061
16660,0.077
16670,0.047
16680,0.092
16690,0.037
16700,0.092
16710,0.042
16720,0.063
16730,0.053
16740,0.067
16750,0.039
16760,0.049
16770,0.051
16780,0.045
16790,0.069
16800,0.056
16810,0.061
16820,0.051
16830,0.095
16840,0.113
16850,0.064
16860,0.087
16870,0.038
16880,0.076
16890,0.104
16900,0.058
16910,0.055
16920,0.044
16930,0.11
16940,0.055
16950,0.048
16960,0.031
16970,0.077
16980,0.047
16990,0.05
17000,0.061
17010,0.06
17020,0.05
17030,0.055
17040,0.048
17050,0.073
17060,0.072
17070,0.046
17080,0.053
17090,0.069
17100,0.062
17110,0.052
17120,0.039
17130,0.053
17140,0.052
17150,0.055
17160,0.058
17170,0.123
17180,0.056
17190,0.047
17200,0.052
17210,0.113
17220,0.096
17230,0.046
17240,0.051
17250,0.04
17260,0.048
17270,0.075
17280,0.041
17290,0.056
17300,0.059
17310,0.054
17320,0.068
17330,0.057
17340,0.047
17350,0.049
17360,0.042
17370,0.041
17380,0.078
17390,0.05
17400,0.039
17410,0.055
17420,0.057
17430,0.061
17440,0.071
17450,0.031
17460,0.043
17470,0.051
17480,0.057
17490,0.06
17500,0.054
17510,0.043
17520,0.065
17530,0.056
17540,0.088
17550,0.069
17560,0.116
17570,0.062
17580,0.08
17590,0.083
17600,0.081
17610,0.037
17620,0.068
17630,0.082
17640,0.057
17650,0.047
17660,0.044
17670,0.082
17680,0.068
17690,0.097
17700,0.069
17710,0.078
17720,0.046
17730,0.073
17740,0.046
17750,0.052
17760,0.076
17770,0.051
17780,0.072
17790,0.072
17800,0.052
17810,0.051
17820,0.053
17830,0.04
17840,0.052
17850,0.033
17860,0.08
17870,0.037
17880,0.049
17890,0.059
17900,0.057
17910,0.062
17920,0.057
17930,0.043
17940,0.072
17950,0.061
17960,0.077
17970,0.055
17980,0.047
17990,0.075
18000,0.043
18010,0.053
18020,0.065
18030,0.055
18040,0.063
18050,0.051
18060,0.03
18070,0.054
18080,0.053
18090,0.086
18100,0.029
18110,0.056
18120,0.038
18130,0.03
18140,0.069
18150,0.047
18160,0.034
18170,0.049
18180,0.064
18190,0.048
18200,0.058
18210,0.04
18220,0.04
18230,0.039
18240,0.069
18250,0.048
18260,0.052
18270,0.098
18280,0.049
18290,0.053
18300,0.042
18310,0.076
18320,0.041
18330,0.064
18340,0.058
18350,0.036
18360,0.042
18370,0.05
18380,0.064
18390,0.058
18400,0.041
18410,0.05
18420,0.078
18430,0.052
18440,0.035
18450,0.097
18460,0.045
18470,0.066
18480,0.058
18490,0.058
18500,0.075
18510,0.089
18520,0.042
18530,0.057
18540,0.047
18550,0.045
18560,0.113
18570,0.084
18580,0.059
18590,0.063
18600,0.037
18610,0.043
18620,0.049
18630,0.054
18640,0.05
18650,0.043
18660,0.045
18670,0.06
18680,0.062
18690,0.074
18700,0.082
18710,0.088
18720,0.045
18730,0.038
18740,0.039
18750,0.076
18760,0.047
18770,0.069
18780,0.038
18790,0.036
18800,0.042
18810,0.153
18820,0.044
18830,0.062
18840,0.049
18850,0.039
18860,0.033
18870,0.044
18880,0.053
18890,0.061
18900,0.065
18910,0.057
18920,0.044
18930,0.059
18940,0.028
18950,0.089
18960,0.057
18970,0.034
18980,0.045
18990,0.067
19000,0.037
19010,0.081
19020,0.045
19030,0.044
19040,0.07
19050,0.06
19060,0.051
19070,0.04
19080,0.046
19090,0.067
19100,0.07
19110,0.067
19120,0.058
19130,0.057
19140,0.045
19150,0.067
19160,0.04
19170,0.098
19180,0.048
19190,0.047
19200,0.051
19210,0.085
19220,0.056
19230,0.056
19240,0.053
19250,0.064
19260,0.083
19270,0.039
19280,0.044
19290,0.048
19300,0.039
19310,0.047
19320,0.048
19330,0.092
19340,0.052
19350,0.05
19360,0.042
19370,0.079
19380,0.057
19390,0.038
19400,0.047
19410,0.051
19420,0.037
19430,0.055
19440,0.037
19450,0.061
19460,0.05
19470,0.047
19480,0.048
19490,0.047
19500,0.051
19510,0.05
19520,0.06
19530,0.068
19540,0.037
19550,0.09
19560,0.075
19570,0.093
19580,0.047
19590,0.092
19600,0.068
19610,0.053
19620,0.057
19630,0.059
19640,0.049
19650,0.041
19660,0.052
19670,0.047
19680,0.055
19690,0.044
19700,0.049
19710,0.05
19720,0.051
19730,0.087
19740,0.052
19750,0.061
19760,0.078
19770,0.041
19780,0.049
19790,0.045
19800,0.058
19810,0.038
19820,0.048
19830,0.04
19840,0.076
19850,0.043
19860,0.05
19870,0.071
19880,0.132
19890,0.043
19900,0.076
19910,0.044
19920,0.04
19930,0.068
19940,0.042
19950,0.045
19960,0.056
19970,0.071
19980,0.049
19990,0.048
20000,0.034
20010,0.036
20020,0.117
20030,0.068
20040,0.067
20050,0.065
20060,0.065
20070,0.035
20080,0.044
20090,0.042
20100,0.048
20110,0.046
20120,0.046
20130,0.049
20140,0.077
20150,0.033
20160,0.048
20170,0.082
20180,0.047
20190,0.051
20200,0.029
20210,0.034
20220,0.056
20230,0.069
20240,0.064
20250,0.08
20260,0.111
20270,0.041
20280,0.059
20290,0.051
20300,0.05
20310,0.05
20320,0.077
20330,0.114
20340,0.076
20350,0.046
20360,0.046
20370,0.061
20380,0.08
20390,0.046
20400,0.034
20410,0.054
20420,0.07
20430,0.079
20440,0.05
20450,0.055
20460,0.057
20470,0.043
20480,0.058
20490,0.048
20500,0.082
20510,0.035
20520,0.051
20530,0.049
20540,0.056
20550,0.082
20560,0.036
20570,0.048
20580,0.036
20590,0.08
20600,0.052
20610,0.06
20620,0.048
20630,0.058
20640,0.054
20650,0.047
20660,0.041
20670,0.052
20680,0.051
20690,0.061
20700,0.045
20710,0.073
20720,0.099
20730,0.047
20740,0.052
20750,0.057
20760,0.047
20770,0.055
20780,0.054
20790,0.058
20800,0.045
20810,0.033
20820,0.037
20830,0.042
20840,0.059
20850,0.058
20860,0.06
20870,0.035
20880,0.033
20890,0.068
20900,0.043
20910,0.054
20920,0.062
20930,0.041
20940,0.054
20950,0.038
20960,0.042
20970,0.078
20980,0.091
20990,0.037
21000,0.063
21010,0.028
21020,0.061
21030,0.057
21040,0.04
21050,0.046
21060,0.044
21070,0.058
21080,0.079
21090,0.055
21100,0.085
21110,0.039
21120,0.028
21130,0.058
21140,0.041
21150,0.038
21160,0.065
21170,0.067
21180,0.052
21190,0.087
21200,0.083
21210,0.102
21220,0.056
21230,0.052
21240,0.054
21250,0.041
21260,0.079
21270,0.055
21280,0.065
21290,0.062
21300,0.057
21310,0.038
21320,0.046
21330,0.076
21340,0.069
21350,0.043
21360,0.048
21370,0.102
21380,0.042
21390,0.05
21400,0.062
21410,0.042
21420,0.052
21430,0.057
21440,0.096
21450,0.053
21460,0.044
21470,0.05
21480,0.12
21490,0.053
21500,0.055
21510,0.062
21520,0.039
21530,0.084
21540,0.049
21550,0.057
21560,0.053
21570,0.055
21580,0.047
21590,0.056
21600,0.06
21610,0.114
21620,0.043
21630,0.053
21640,0.044
21650,0.038
21660,0.073
21670,0.048
21680,0.087
21690,0.036
21700,0.043
21710,0.049
21720,0.067
21730,0.054
21740,0.049
21750,0.034
21760,0.095
21770,0.074
21780,0.037
21790,0.049
21800,0.054
21810,0.074
21820,0.062
21830,0.047
21840,0.059
21850,0.045
21860,0.054
21870,0.046
21880,0.048
21890,0.079
21900,0.064
21910,0.042
21920,0.04
21930,0.043
21940,0.039
21950,0.043
21960,0.043
21970,0.059
21980,0.047
21990,0.05
22000,0.069
22010,0.054
22020,0.042
22030,0.036
22040,0.051
22050,0.042
22060,0.062
22070,0.044
22080,0.087
22090,0.048
22100,0.06
22110,0.054
22120,0.038
22130,0.074
22140,0.048
22150,0.09
22160,0.113
22170,0.041
22180,0.068
22190,0.039
22200,0.037
22210,0.091
22220,0.036
22230,0.087
22240,0.036
22250,0.044
22260,0.05
22270,0.099
22280,0.038
22290,0.084
22300,0.025
22310,0.034
22320,0.043
22330,0.073
22340,0.061
22350,0.054
22360,0.077
22370,0.064
22380,0.084
22390,0.056
22400,0.073
22410,0.06
22420,0.054
22430,0.05
22440,0.081
22450,0.053
22460,0.035
22470,0.081
22480,0.047
22490,0.112
22500,0.051
22510,0.047
22520,0.04
22530,0.051
22540,0.092
22550,0.048
22560,0.037
22570,0.046
22580,0.038
22590,0.063
22600,0.066
22610,0.08
22620,0.054
22630,0.041
22640,0.078
22650,0.044
22660,0.052
22670,0.053
22680,0.065
22690,0.052
22700,0.034
22710,0.093
22720,0.042
22730,0.039
22740,0.062
22750,0.057
22760,0.067
22770,0.037
22780,0.033
22790,0.07
22800,0.038
22810,0.072
22820,0.042
22830,0.062
22840,0.068
22850,0.043
22860,0.042
22870,0.028
22880,0.031
22890,0.071
22900,0.038
22910,0.039
22920,0.06
22930,0.053
22940,0.05
22950,0.072
22960,0.034
22970,0.031
22980,0.076
22990,0.089
23000,0.047
23010,0.04
23020,0.05
23030,0.126
23040,0.074
23050,0.049
23060,0.073
23070,0.047
23080,0.051
23090,0.057
23100,0.044
23110,0.045
23120,0.035
23130,0.056
23140,0.042
23150,0.053
23160,0.056
23170,0.036
23180,0.042
23190,0.06
23200,0.045
23210,0.034
23220,0.048
23230,0.086
23240,0.07
23250,0.038
23260,0.045
23270,0.064
23280,0.034
23290,0.048
23300,0.033
23310,0.056
23320,0.064
23330,0.062
23340,0.059
23350,0.038
23360,0.043
23370,0.052
23380,0.045
23390,0.054
23400,0.033
23410,0.1
23420,0.042
23430,0.059
23440,0.026
23450,0.037
23460,0.066
23470,0.04
23480,0.056
23490,0.069
23500,0.036
23510,0.036
23520,0.054
23530,0.038
23540,0.038
23550,0.081
23560,0.055
23570,0.045
23580,0.062
23590,0.043
23600,0.068
23610,0.052
23620,0.046
23630,0.043
23640,0.047
23650,0.034
23660,0.036
23670,0.051
23680,0.053
23690,0.074
23700,0.055
23710,0.045
23720,0.07
23730,0.057
23740,0.047
23750,0.052
23760,0.047
23770,0.055
23780,0.039
23790,0.046
23800,0.035
23810,0.037
23820,0.081
23830,0.079
23840,0.04
23850,0.038
23860,0.043
23870,0.056
23880,0.052
23890,0.089
23900,0.076
23910,0.036
23920,0.035
23930,0.039
23940,0.055
23950,0.044
23960,0.063
23970,0.055
23980,0.096
23990,0.046
24000,0.035
24010,0.058
24020,0.039
24030,0.077
24040,0.035
24050,0.046
24060,0.036
24070,0.031
24080,0.068
24090,0.052
24100,0.092
24110,0.048
24120,0.046
24130,0.06
24140,0.034
24150,0.042
24160,0.069
24170,0.056
24180,0.057
24190,0.048
24200,0.053
24210,0.051
24220,0.063
24230,0.042
24240,0.082
24250,0.035
24260,0.051
24270,0.04
24280,0.04
24290,0.045
24300,0.039
24310,0.039
24320,0.043
24330,0.053
24340,0.045
24350,0.041
24360,0.056
24370,0.048
24380,0.036
24390,0.148
24400,0.055
24410,0.072
24420,0.061
24430,0.038
24440,0.049
24450,0.094
24460,0.079
24470,0.058
24480,0.06
24490,0.041
24500,0.054
24510,0.08
24520,0.086
24530,0.049
24540,0.044
24550,0.04
24560,0.046
24570,0.106
24580,0.048
24590,0.046
24600,0.097
24610,0.048
24620,0.04
24630,0.034
24640,0.039
24650,0.045
24660,0.062
24670,0.042
24680,0.037
24690,0.053
24700,0.054
24710,0.089
24720,0.102
24730,0.043
24740,0.045
24750,0.046
24760,0.045
24770,0.042
24780,0.083
24790,0.037
24800,0.074
24810,0.052
24820,0.069
24830,0.049
24840,0.053
24850,0.064
24860,0.057
24870,0.032
24880,0.048
24890,0.085
24900,0.036
24910,0.067
24920,0.03
24930,0.04
24940,0.031
24950,0.031
24960,0.033
24970,0.05
24980,0.048
24990,0.052
25000,0.05
25010,0.078
25020,0.037
25030,0.05
25040,0.064
25050,0.093
25060,0.052
25070,0.028
25080,0.05
25090,0.058
25100,0.088
25110,0.06
25120,0.058
25130,0.037
25140,0.034
25150,0.104
25160,0.038
25170,0.076
25180,0.062
25190,0.045
25200,0.059
25210,0.053
25220,0.041
25230,0.07
25240,0.044
25250,0.029
25260,0.046
25270,0.081
25280,0.035
25290,0.056
25300,0.091
25310,0.043
25320,0.053
25330,0.058
25340,0.042
25350,0.065
25360,0.055
25370,0.077
25380,0.076
25390,0.041
25400,0.054
25410,0.083
25420,0.03
25430,0.043
25440,0.049
25450,0.036
25460,0.04
25470,0.043
25480,0.034
25490,0.058
25500,0.081
25510,0.057
25520,0.039
25530,0.039
25540,0.051
25550,0.049
25560,0.093
25570,0.033
25580,0.039
25590,0.095
25600,0.062
25610,0.037
25620,0.084
25630,0.071
25640,0.054
25650,0.052
25660,0.056
25670,0.034
25680,0.065
25690,0.052
25700,0.056
25710,0.042
25720,0.103
25730,0.035
25740,0.071
25750,0.08
25760,0.057
25770,0.071
25780,0.064
25790,0.044
25800,0.091
25810,0.099
25820,0.023
25830,0.041
25840,0.057
25850,0.064
25860,0.071
25870,0.046
25880,0.039
25890,0.074
25900,0.031
25910,0.045
25920,0.042
25930,0.03
25940,0.044
25950,0.052
25960,0.033
25970,0.051
25980,0.051
25990,0.063
26000,0.03
26010,0.037
26020,0.044
26030,0.051
26040,0.039
26050,0.078
26060,0.079
26070,0.034
26080,0.045
26090,0.036
26100,0.057
26110,0.071
26120,0.048
26130,0.048
26140,0.052
26150,0.045
26160,0.036
26170,0.042
26180,0.05
26190,0.052
26200,0.041
26210,0.062
26220,0.049
26230,0.082
26240,0.045
26250,0.035
26260,0.048
26270,0.049
26280,0.03
26290,0.086
26300,0.039
26310,0.033
26320,0.035
26330,0.038
26340,0.054
26350,0.042
26360,0.034
26370,0.023
26380,0.053
26390,0.031
26400,0.074
26410,0.048
26420,0.036
26430,0.044
26440,0.034
26450,0.091
26460,0.061
26470,0.062
26480,0.048
26490,0.032
26500,0.025
26510,0.045
26520,0.06
26530,0.025
26540,0.056
26550,0.057
26560,0.049
26570,0.06
26580,0.059
26590,0.043
26600,0.04
26610,0.052
26620,0.082
26630,0.031
26640,0.072
26650,0.047
26660,0.047
26670,0.048
26680,0.028
26690,0.075
26700,0.066
26710,0.051
26720,0.052
26730,0.076
26740,0.024
26750,0.063
26760,0.034
26770,0.041
26780,0.036
26790,0.031
26800,0.051
26810,0.031
26820,0.056
26830,0.048
26840,0.04
26850,0.057
26860,0.06
26870,0.047
26880,0.033
26890,0.061
26900,0.044
26910,0.038
26920,0.061
26930,0.065
26940,0.045
26950,0.026
26960,0.056
26970,0.06
26980,0.039
26990,0.046
27000,0.069
27010,0.035
27020,0.069
27030,0.05
27040,0.057
27050,0.038
27060,0.054
27070,0.044
27080,0.048
27090,0.035
27100,0.039
27110,0.041
27120,0.066
27130,0.031
27140,0.04
27150,0.029
27160,0.053
27170,0.088
27180,0.039
27190,0.047
27200,0.067
27210,0.06
27220,0.041
27230,0.034
27240,0.053
27250,0.041
27260,0.077
27270,0.03
27280,0.043
27290,0.048
27300,0.069
27310,0.064
27320,0.061
27330,0.057
27340,0.043
27350,0.041
27360,0.049
27370,0.043
27380,0.079
27390,0.053
27400,0.063
27410,0.036
27420,0.041
27430,0.089
27440,0.074
27450,0.028
27460,0.029
27470,0.049
27480,0.041
27490,0.059
27500,0.037
27510,0.082
27520,0.044
27530,0.036
27540,0.025
27550,0.056
27560,0.073
27570,0.03
27580,0.058
27590,0.052
27600,0.056
27610,0.037
27620,0.052
27630,0.042
27640,0.026
27650,0.064
27660,0.053
27670,0.03
27680,0.079
27690,0.036
27700,0.066
27710,0.05
27720,0.11
27730,0.051
27740,0.033
27750,0.028
27760,0.041
27770,0.062
27780,0.068
27790,0.05
27800,0.025
27810,0.034
27820,0.046
27830,0.094
27840,0.038
27850,0.048
27860,0.071
27870,0.089
27880,0.072
27890,0.048
27900,0.035
27910,0.039
27920,0.056
27930,0.042
27940,0.039
27950,0.054
27960,0.036
27970,0.085
27980,0.029
27990,0.066
28000,0.036
28010,0.04
28020,0.05
28030,0.043
28040,0.042
28050,0.038
28060,0.038
28070,0.058
28080,0.098
28090,0.062
28100,0.036
28110,0.036
28120,0.057
28130,0.059
28140,0.047
28150,0.025
28160,0.025
28170,0.029
28180,0.039
28190,0.066
28200,0.03
28210,0.066
28220,0.039
28230,0.052
28240,0.045
28250,0.034
28260,0.039
28270,0.037
28280,0.033
28290,0.031
28300,0.059
28310,0.038
28320,0.045
28330,0.058
28340,0.078
28350,0.067
28360,0.035
28370,0.044
28380,0.07
28390,0.036
28400,0.045
28410,0.083
28420,0.055
28430,0.063
28440,0.106
28450,0.073
28460,0.045
28470,0.036
28480,0.037
28490,0.038
28500,0.061
28510,0.059
28520,0.062
28530,0.032
28540,0.035
28550,0.044
28560,0.057
28570,0.049
28580,0.023
28590,0.062
28600,0.054
28610,0.062
28620,0.031
28630,0.035
28640,0.035
28650,0.063
28660,0.108
28670,0.046
28680,0.05
28690,0.048
28700,0.059
28710,0.044
28720,0.062
28730,0.038
28740,0.03
28750,0.053
28760,0.056
28770,0.036
28780,0.048
28790,0.032
28800,0.059
28810,0.04
28820,0.041
28830,0.029
28840,0.048
28850,0.028
28860,0.052
28870,0.088
28880,0.036
28890,0.025
28900,0.031
28910,0.037
28920,0.115
28930,0.084
28940,0.042
28950,0.042
28960,0.041
28970,0.086
28980,0.063
28990,0.043
29000,0.042
29010,0.073
29020,0.06
29030,0.024
29040,0.051
29050,0.06
29060,0.037
29070,0.035
29080,0.08
29090,0.079
29100,0.068
29110,0.081
29120,0.116
29130,0.045
29140,0.032
29150,0.025
29160,0.061
29170,0.045
29180,0.037
29190,0.056
29200,0.048
29210,0.077
29220,0.049
29230,0.035
29240,0.068
29250,0.048
29260,0.065
29270,0.045
29280,0.042
29290,0.023
29300,0.063
29310,0.041
29320,0.064
29330,0.059
29340,0.046
29350,0.05
29360,0.032
29370,0.042
29380,0.059
29390,0.038
29400,0.036
29410,0.03
29420,0.031
29430,0.054
29440,0.03
29450,0.088
29460,0.065
29470,0.038
29480,0.037
29490,0.066
29500,0.072
29510,0.032
29520,0.046
29530,0.046
29540,0.035
29550,0.024
29560,0.063
29570,0.054
29580,0.042
29590,0.047
29600,0.065
29610,0.028
29620,0.055
29630,0.041
29640,0.031
29650,0.038
29660,0.036
29670,0.039
29680,0.052
29690,0.039
29700,0.041
29710,0.072
29720,0.039
29730,0.04
29740,0.034
29750,0.06
29760,0.102
29770,0.061
29780,0.028
29790,0.061
29800,0.032
29810,0.051
29820,0.049
29830,0.056
29840,0.037
29850,0.052
29860,0.047
29870,0.038
29880,0.035
29890,0.064
29900,0.05
29910,0.036
29920,0.062
29930,0.08
29940,0.028
29950,0.04
29960,0.04
29970,0.061
29980,0.049
29990,0.062
30000,0.06
